shots,goals,xg_sum,xg_per_shot,goal_rate,low_data
203,100,104.66686139361752,0.5156003024316134,0.49261083743842365,False
