model,roc_auc,logloss,brier,ece
logreg_final_C0.3,0.6692307692307692,0.7507955776859642,0.2579241149468037,0.23749043168426007
