model,roc_auc,logloss,brier,ece
logreg_final_C0.3,0.6564102564102564,0.6849478134234818,0.24630262233162492,0.19127811032591163
