model,roc_auc,logloss,brier,ece
logreg,0.6515151515151515,0.8719081757351232,0.28222642361540756,0.24241279833587823
hgb,0.6158645276292335,1.197721156775425,0.30587788303732233,0.2801763250551835
