model,roc_auc,logloss,brier,ece
logreg_final_C0.3,0.7842105263157895,0.764353472941444,0.2551788150797529,0.3099513844188698
