model,roc_auc,logloss,brier,ece
logreg_final_C0.3,0.6602564102564102,0.7387705027404434,0.25845134694506755,0.23411625339066466
