game_id,shots,xg_sum,goals,xg_diff
1,26,14.29507439151788,12,-2.295074391517881
4,18,13.749506231629061,4,-9.749506231629061
8,23,11.863283015971593,17,5.136716984028407
