game_id,shots,xg_sum,goals,xg_diff
1,26,15.461395741737636,12,-3.461395741737636
4,18,14.231382762446092,4,-10.231382762446092
8,23,11.021791639909793,17,5.978208360090207
