game_id,xg_cal,goals
1,12.592488964164872,26
10,15.167855744966962,27
11,4.740188215226737,12
12,1.1001001001001,4
13,0.5004462268164647,2
14,0.45,1
15,0.8203703703703704,2
2,9.161211211211212,18
3,6.868338338338338,16
4,6.253543543543543,18
5,4.534042028672517,10
6,7.556867482758749,15
7,11.798338338338338,22
8,14.548201765071719,23
9,2.3978177471668727,7
