shots,goals,xg_sum,xg_per_shot,goal_rate,low_data
203,101,97.62332823150032,0.4809030947364548,0.4975369458128079,False
