game_id,shots,xg_sum,xg_per_shot
1,26,12.592488964164872,0.484
10,27,15.167855744966962,0.562
11,12,4.740188215226737,0.395
12,4,1.1001001001000998,0.275
13,2,0.5004462268164647,0.25
14,1,0.45,0.45
15,2,0.8203703703703703,0.41
2,18,9.161211211211212,0.509
3,16,6.868338338338338,0.429
4,18,6.253543543543543,0.347
5,10,4.534042028672517,0.453
6,15,7.556867482758749,0.504
7,22,11.798338338338338,0.536
8,23,14.548201765071719,0.633
9,7,2.3978177471668727,0.343
